itemcode,itemname,mbcr_name,stck_lstn_date,etf_div_name
459580,KODEX CD금리액티브(합성),삼성자산운용(ETF),20230608,수익증권형
360750,TIGER 미국S&P500,미래에셋자산운용,20200807,수익증권형
069500,KODEX 200,삼성자산운용(ETF),20021014,수익증권형
488770,KODEX 머니마켓액티브,삼성자산운용(ETF),20240806,수익증권형
357870,TIGER CD금리투자KIS(합성),미래에셋자산운용,20200707,수익증권형
133690,TIGER 미국나스닥100,미래에셋자산운용,20101018,수익증권형
379800,KODEX 미국S&P500,삼성자산운용(ETF),20210409,수익증권형
423160,KODEX KOFR금리액티브(합성),삼성자산운용(ETF),20220426,수익증권형
273130,KODEX 종합채권(AA-이상)액티브,삼성자산운용(ETF),20170629,수익증권형
449170,TIGER KOFR금리액티브(합성),미래에셋자산운용,20221130,수익증권형
381170,TIGER 미국테크TOP10 INDXX,미래에셋자산운용,20210409,수익증권형
455890,RISE 머니마켓액티브,KB자산운용,20230509,수익증권형
122630,KODEX 레버리지,삼성자산운용(ETF),20100222,수익증권형
102110,TIGER 200,미래에셋자산운용,20080403,수익증권형
278530,KODEX 200TR,삼성자산운용(ETF),20171121,수익증권형
379810,KODEX 미국나스닥100,삼성자산운용(ETF),20210409,수익증권형
481050,KODEX CD1년금리플러스액티브(합성),삼성자산운용(ETF),20240423,수익증권형
381180,TIGER 미국필라델피아반도체나스닥,미래에셋자산운용,20210409,수익증권형
453850,ACE 미국30년국채액티브(H),한국투자신탁운용,20230314,수익증권형
233740,KODEX 코스닥150레버리지,삼성자산운용(ETF),20151217,수익증권형
310970,TIGER MSCI Korea TR,미래에셋자산운용,20181120,수익증권형
458730,TIGER 미국배당다우존스,미래에셋자산운용,20230620,수익증권형
360200,ACE 미국S&P500,한국투신운용(ETF),20200807,수익증권형
371460,TIGER 차이나전기차SOLACTIVE,미래에셋자산운용,20201208,수익증권형
453540,TIGER 25-10 회사채(A+이상)액티브,미래에셋자산운용,20230323,수익증권형
214980,KODEX 단기채권PLUS,삼성자산운용(ETF),20150303,수익증권형
385540,RISE 종합채권(A-이상)액티브,KB자산운용,20210526,수익증권형
367380,ACE 미국나스닥100,한국투신운용(ETF),20201029,수익증권형
411060,ACE KRX금현물,한국투자신탁운용,20211215,수익증권형
229200,KODEX 코스닥150,삼성자산운용(ETF),20151001,수익증권형
476550,TIGER 미국30년국채커버드콜액티브(H),미래에셋자산운용,20240227,수익증권형
494900,TIGER 25-12 금융채(AA-이상),미래에셋자산운용,20241029,수익증권형
148020,RISE 200,KB자산운용,20111020,수익증권형
102780,KODEX 삼성그룹,삼성자산운용(ETF),20080521,수익증권형
477080,RISE CD금리액티브(합성),KB자산운용,20240326,수익증권형
252670,KODEX 200선물인버스2X,삼성자산운용(ETF),20160922,수익증권형
475630,TIGER CD1년금리액티브(합성),미래에셋자산운용,20240206,수익증권형
491080,KODEX 25-12 은행채(AAA)액티브,삼성자산운용(ETF),20240910,수익증권형
457480,ACE 테슬라밸류체인액티브,한국투자신탁운용,20230516,수익증권형
458760,TIGER 미국배당다우존스타겟커버드콜2호,미래에셋자산운용,20230620,수익증권형
371160,TIGER 차이나항셍테크,미래에셋자산운용,20201216,수익증권형
305720,KODEX 2차전지산업,삼성자산운용(ETF),20180912,수익증권형
292150,TIGER TOP10,미래에셋자산운용,20180330,수익증권형
379780,RISE 미국S&P500,KB자산운용,20210409,수익증권형
476810,KODEX 25-11 은행채(AA-이상)PLUS액티브,삼성자산운용(ETF),20240305,수익증권형
451540,TIGER 종합채권(AA-이상)액티브,미래에셋자산운용,20230201,수익증권형
368590,RISE 미국나스닥100,KB자산운용,20201106,수익증권형
305540,TIGER 2차전지테마,미래에셋자산운용,20180912,수익증권형
436140,SOL 종합채권(AA-이상)액티브,신한자산운용,20220809,수익증권형
466920,SOL 조선TOP3플러스,신한자산운용,20231005,수익증권형
157450,TIGER 단기통안채,미래에셋자산운용,20120516,수익증권형
294400,KIWOOM 200TR,키움투자자산운용,20180423,수익증권형
446720,SOL 미국배당다우존스,신한자산운용,20221115,수익증권형
449450,PLUS K방산,한화자산운용,20230105,수익증권형
458250,TIGER 미국30년국채스트립액티브(합성 H),미래에셋자산운용,20230531,수익증권형
356540,ACE 종합채권(AA-이상)KIS액티브,한국투신운용(ETF),20200721,수익증권형
469830,SOL 초단기채권액티브,신한자산운용,20231107,수익증권형
315930,KODEX Top5PlusTR,삼성자산운용(ETF),20190122,수익증권형
161510,PLUS 고배당주,한화자산운용,20120829,수익증권형
449180,KODEX 미국S&P500(H),삼성자산운용(ETF),20221202,수익증권형
486290,TIGER 미국나스닥100타겟데일리커버드콜,미래에셋자산운용,20240625,수익증권형
479080,1Q 머니마켓액티브,하나자산운용,20240402,수익증권형
329750,TIGER 미국달러단기채권액티브,미래에셋자산운용,20190724,수익증권형
329200,TIGER 리츠부동산인프라,미래에셋자산운용,20190719,수익증권형
152100,PLUS 200,한화자산운용,20120110,수익증권형
153130,KODEX 단기채권,삼성자산운용(ETF),20120222,수익증권형
396500,TIGER Fn반도체TOP10,미래에셋자산운용,20210810,수익증권형
402970,ACE 미국배당다우존스,한국투신운용(ETF),20211021,수익증권형
465580,ACE 미국빅테크TOP7 Plus,한국투신운용(ETF),20230912,수익증권형
091160,KODEX 반도체,삼성자산운용(ETF),20060627,수익증권형
453870,TIGER 인도니프티50,미래에셋자산운용,20230414,수익증권형
481060,KODEX 미국30년국채타겟커버드콜(합성 H),삼성자산운용(ETF),20240430,수익증권형
439870,KODEX 국고채30년액티브,삼성자산운용(ETF),20220823,수익증권형
314250,KODEX 미국빅테크10(H),삼성자산운용(ETF),20190110,수익증권형
278540,KODEX MSCI Korea TR,삼성자산운용(ETF),20171109,수익증권형
114800,KODEX 인버스,삼성자산운용(ETF),20090916,수익증권형
456610,TIGER 미국달러SOFR금리액티브(합성),미래에셋자산운용,20230509,수익증권형
272580,TIGER 단기채권액티브,미래에셋자산운용,20170629,수익증권형
148070,KIWOOM 국고채10년,키움투자자산운용,20111020,수익증권형
226490,KODEX 코스피,삼성자산운용(ETF),20150824,수익증권형
114260,KODEX 국고채3년,삼성자산운용(ETF),20090729,수익증권형
477050,PLUS 머니마켓액티브,한화자산운용,20240326,수익증권형
139260,TIGER 200 IT,미래에셋자산운용,20110406,수익증권형
438330,TIGER 우량회사채액티브,미래에셋자산운용,20220823,수익증권형
385560,RISE KIS국고채30년Enhanced,KB자산운용,20210526,수익증권형
453810,KODEX 인도Nifty50,삼성자산운용(ETF),20230421,수익증권형
462010,TIGER 2차전지소재Fn,미래에셋자산운용,20230713,수익증권형
091180,KODEX 자동차,삼성자산운용(ETF),20060627,수익증권형
484790,KODEX 미국30년국채액티브(H),삼성자산운용(ETF),20240618,수익증권형
447770,TIGER 테슬라채권혼합Fn,미래에셋자산운용,20221129,수익증권형
474220,TIGER 미국테크TOP10타겟커버드콜,미래에셋자산운용,20240116,수익증권형
105190,ACE 200,한국투신운용(ETF),20080925,수익증권형
487230,KODEX 미국AI전력핵심인프라,삼성자산운용(ETF),20240709,수익증권형
454780,KIWOOM 종합채권(AA-이상)액티브,키움투자자산운용,20230411,수익증권형
473290,KODEX 26-12 회사채(AA-이상)액티브,삼성자산운용(ETF),20231212,수익증권형
390390,KODEX 미국반도체,삼성자산운용(ETF),20210630,수익증권형
448290,TIGER 미국S&P500TR(H),미래에셋자산운용,20221125,수익증권형
441680,TIGER 미국나스닥100커버드콜(합성),미래에셋자산운용,20220922,수익증권형
498400,KODEX 200타겟위클리커버드콜,삼성자산운용(ETF),20241203,수익증권형
449190,KODEX 미국나스닥100(H),삼성자산운용(ETF),20221202,수익증권형
455030,KODEX 미국달러SOFR금리액티브(합성),삼성자산운용(ETF),20230404,수익증권형
499660,TIGER CD금리플러스액티브(합성),미래에셋자산운용,20241217,수익증권형
472870,RISE 미국30년국채엔화노출(합성 H),KB자산운용,20231227,수익증권형
293180,HANARO 200,NH-Amundi자산운용,20180330,수익증권형
438080,ACE 미국S&P500채권혼합액티브,한국투자신탁운용,20220826,수익증권형
456600,TIMEFOLIO 글로벌AI인공지능액티브,타임폴리오자산운용,20230516,수익증권형
069660,KIWOOM 200,키움투자자산운용,20021014,수익증권형
475720,RISE 200위클리커버드콜,KB자산운용,20240305,수익증권형
483280,KODEX 미국AI테크TOP10타겟커버드콜,삼성자산운용(ETF),20240528,수익증권형
441640,KODEX 미국배당커버드콜액티브,삼성자산운용(ETF),20220927,수익증권형
466940,TIGER 은행고배당플러스TOP10,미래에셋자산운용,20231017,수익증권형
251350,KODEX 선진국MSCI World,삼성자산운용(ETF),20160817,수익증권형
196230,RISE 단기통안채,KB자산운용,20140519,수익증권형
451000,PLUS 종합채권(AA-이상)액티브,한화자산운용,20230110,수익증권형
091170,KODEX 은행,삼성자산운용(ETF),20060627,수익증권형
439860,KODEX ESG종합채권(A-이상)액티브,삼성자산운용(ETF),20220823,수익증권형
489250,KODEX 미국배당다우존스,삼성자산운용(ETF),20240813,수익증권형
0007F0,KODEX 27-12 회사채(AA-이상)액티브,삼성자산운용(ETF),20250114,수익증권형
364980,TIGER 2차전지TOP10,미래에셋자산운용,20201007,수익증권형
471230,KODEX 국고채10년액티브,삼성자산운용(ETF),20231114,수익증권형
480260,TIGER 27-04회사채(A+이상)액티브,미래에셋자산운용,20240423,수익증권형
476450,KIWOOM 머니마켓액티브,키움투자자산운용,20240229,수익증권형
482730,TIGER 미국S&P500타겟데일리커버드콜,미래에셋자산운용,20240521,수익증권형
475080,KODEX 테슬라커버드콜채권혼합액티브,삼성자산운용(ETF),20240123,수익증권형
491610,1Q CD금리액티브(합성),하나자산운용,20240924,수익증권형
481180,SOL 미국AI소프트웨어,신한자산운용,20240514,수익증권형
132030,KODEX 골드선물(H),삼성자산운용(ETF),20101001,수익증권형
304660,KODEX 미국30년국채울트라선물(H),삼성자산운용(ETF),20180912,수익증권형
446770,ACE 글로벌반도체TOP4 Plus SOLACTIVE,한국투자신탁운용,20221115,수익증권형
497570,TIGER 미국필라델피아AI반도체나스닥,미래에셋자산운용,20241126,수익증권형
479520,RISE KOFR금리액티브(합성),KB자산운용,20240430,수익증권형
365780,ACE 국고채10년,한국투신운용(ETF),20201015,수익증권형
261260,KODEX 미국달러선물인버스2X,삼성자산운용(ETF),20161227,수익증권형
426030,TIMEFOLIO 미국나스닥100액티브,타임폴리오자산운용,20220511,수익증권형
461490,RISE 글로벌자산배분액티브,KB자산운용,20230627,수익증권형
472160,TIGER 미국테크TOP10 INDXX(H),미래에셋자산운용,20231205,수익증권형
490490,SOL 미국배당미국채혼합50,신한자산운용,20240924,수익증권형
487340,ACE CD금리&초단기채권액티브,한국투신운용(ETF),20240709,수익증권형
302190,TIGER 중장기국채,미래에셋자산운용,20180720,수익증권형
476800,KODEX 한국부동산리츠인프라,삼성자산운용(ETF),20240305,수익증권형
463290,1Q 단기금융채액티브,하나자산운용,20230803,수익증권형
494670,TIGER 조선TOP10,미래에셋자산운용,20241022,수익증권형
455850,SOL AI반도체소부장,신한자산운용,20230425,수익증권형
473330,SOL 미국30년국채커버드콜(합성),신한자산운용,20231227,수익증권형
494300,KODEX 미국나스닥100데일리커버드콜OTM,삼성자산운용(ETF),20241022,수익증권형
251340,KODEX 코스닥150선물인버스,삼성자산운용(ETF),20160810,수익증권형
448300,TIGER 미국나스닥100TR(H),미래에셋자산운용,20221125,수익증권형
241180,TIGER 일본니케이225,미래에셋자산운용,20160331,수익증권형
452360,SOL 미국배당다우존스(H),신한자산운용,20230321,수익증권형
394660,TIGER 글로벌자율주행&전기차SOLACTIVE,미래에셋자산운용,20210720,수익증권형
143860,TIGER 헬스케어,미래에셋자산운용,20110718,수익증권형
367770,RISE 수소경제테마,KB자산운용,20201029,수익증권형
494890,KODEX 200액티브,삼성자산운용(ETF),20241029,수익증권형
228790,TIGER 화장품,미래에셋자산운용,20151007,수익증권형
200250,KIWOOM 인도Nifty50(합성),키움투자자산운용,20140626,수익증권형
437080,KODEX 미국종합채권ESG액티브(H),삼성자산운용(ETF),20220809,수익증권형
488980,SOL 26-12 회사채(AA-이상)액티브,신한자산운용,20241008,수익증권형
091230,TIGER 반도체,미래에셋자산운용,20060627,수익증권형
498410,KODEX 금융고배당TOP10타겟위클리커버드콜,삼성자산운용(ETF),20241217,수익증권형
388420,RISE 비메모리반도체액티브,KB자산운용,20210610,수익증권형
245710,ACE 베트남VN30(합성),한국투신운용(ETF),20160701,수익증권형
329650,KODEX TRF3070,삼성자산운용(ETF),20190704,수익증권형
273140,KODEX 단기변동금리부채권액티브,삼성자산운용(ETF),20170629,수익증권형
461270,ACE 26-06 회사채(AA-이상)액티브,한국투신운용(ETF),20230620,수익증권형
361580,RISE 200TR,KB자산운용,20200821,수익증권형
434060,KODEX TDF2050액티브,삼성자산운용(ETF),20220630,수익증권형
395270,HANARO Fn K-반도체,NH-Amundi자산운용,20210730,수익증권형
363570,KODEX 장기종합채권(AA-이상)액티브,삼성자산운용(ETF),20200925,수익증권형
462330,KODEX 2차전지산업레버리지,삼성자산운용(ETF),20230704,수익증권형
458260,TIGER 미국투자등급회사채액티브(H),미래에셋자산운용,20230531,수익증권형
438100,ACE 미국나스닥100채권혼합액티브,한국투자신탁운용,20220826,수익증권형
473460,KODEX 미국서학개미,삼성자산운용(ETF),20231227,수익증권형
466950,TIGER 글로벌AI액티브,미래에셋자산운용,20231011,수익증권형
472170,TIGER 미국테크TOP10채권혼합,미래에셋자산운용,20231205,수익증권형
394670,TIGER 글로벌리튬&2차전지SOLACTIVE(합성),미래에셋자산운용,20210720,수익증권형
295040,SOL 200TR,신한자산운용,20180423,수익증권형
290130,RISE ESG사회책임투자,KB자산운용,20180227,수익증권형
409820,KODEX 미국나스닥100레버리지(합성 H),삼성자산운용(ETF),20211209,수익증권형
456880,ACE 미국달러SOFR금리(합성),한국투신운용(ETF),20230425,수익증권형
0001S0,TIGER 26-04 회사채(A+이상)액티브,미래에셋자산운용,20241224,수익증권형
192090,TIGER 차이나CSI300,미래에셋자산운용,20140217,수익증권형
448600,RISE 25-11 회사채(AA-이상)액티브,KB자산운용,20221122,수익증권형
435420,TIGER 미국나스닥100TR채권혼합Fn,미래에셋자산운용,20220706,수익증권형
277630,TIGER 코스피,미래에셋자산운용,20170831,수익증권형
138520,TIGER 삼성그룹펀더멘털,미래에셋자산운용,20110307,수익증권형
458210,KIWOOM CD금리액티브(합성),키움투자자산운용,20230523,수익증권형
483290,KODEX 미국배당다우존스타겟커버드콜,삼성자산운용(ETF),20240528,수익증권형
496020,WON 전단채플러스액티브,우리자산운용,20241119,수익증권형
467940,KODEX 25-11 회사채(A+이상)액티브,삼성자산운용(ETF),20231011,수익증권형
483230,RISE 25-06 은행채(AA+이상)액티브,KB자산운용,20240618,수익증권형
451530,TIGER 국고채30년스트립액티브,미래에셋자산운용,20230201,수익증권형
472920,HK 종합채권(AA-이상)액티브,흥국자산운용,20231128,수익증권형
462900,KoAct 바이오헬스케어액티브,삼성액티브자산(ETF),20230803,수익증권형
483320,ACE 엔비디아밸류체인액티브,한국투신운용(ETF),20240611,수익증권형
272560,RISE 단기국공채액티브,KB자산운용,20170629,수익증권형
305080,TIGER 미국채10년선물,미래에셋자산운용,20180830,수익증권형
372330,KODEX 차이나항셍테크,삼성자산운용(ETF),20201216,수익증권형
495850,KODEX 코리아밸류업,삼성자산운용(ETF),20241104,수익증권형
423920,TIGER 미국필라델피아반도체레버리지(합성),미래에셋자산운용,20220419,수익증권형
480020,ACE 미국빅테크7+데일리타겟커버드콜(합성),한국투신운용(ETF),20240423,수익증권형
385550,RISE 단기채권알파액티브,KB자산운용,20210526,수익증권형
488500,TIGER 미국S&P500동일가중,미래에셋자산운용,20240723,수익증권형
448540,ACE 엔비디아채권혼합블룸버그,한국투자신탁운용,20221129,수익증권형
481190,SOL 미국테크TOP10,신한자산운용,20240521,수익증권형
114100,RISE 국고채3년,KB자산운용,20090729,수익증권형
496080,TIGER 코리아밸류업,미래에셋자산운용,20241104,수익증권형
0008S0,TIGER 미국배당다우존스타겟데일리커버드콜,미래에셋자산운용,20250121,수익증권형
418660,TIGER 미국나스닥100레버리지(합성),미래에셋자산운용,20220222,수익증권형
219480,KODEX 미국S&P500선물(H),삼성자산운용(ETF),20150529,수익증권형
492500,1Q 현대차그룹채권(A+이상)&국고통안,하나자산운용,20241002,수익증권형
395160,KODEX AI반도체,삼성자산운용(ETF),20210730,수익증권형
486450,SOL 미국AI전력인프라,신한자산운용,20240716,수익증권형
480030,ACE 미국500데일리타겟커버드콜(합성),한국투신운용(ETF),20240423,수익증권형
244580,KODEX 바이오,삼성자산운용(ETF),20160513,수익증권형
487240,KODEX AI전력핵심설비,삼성자산운용(ETF),20240709,수익증권형
493810,TIGER 미국AI빅테크10타겟데일리커버드콜,미래에셋자산운용,20241015,수익증권형
479730,TIGER 인도빌리언컨슈머,미래에셋자산운용,20240514,수익증권형
232080,TIGER 코스닥150,미래에셋자산운용,20151112,수익증권형
414780,TIGER 차이나과창판STAR50(합성),미래에셋자산운용,20220113,수익증권형
309230,ACE 미국WideMoat동일가중,한국투신운용(ETF),20181025,수익증권형
283580,KODEX 차이나CSI300,삼성자산운용(ETF),20171213,수익증권형
481430,RISE 국고채10년액티브,KB자산운용,20240521,수익증권형
433330,SOL 미국S&P500,신한자산운용,20220621,수익증권형
143850,TIGER 미국S&P500선물(H),미래에셋자산운용,20110718,수익증권형
319640,TIGER 골드선물(H),미래에셋자산운용,20190409,수익증권형
364960,TIGER BBIG,미래에셋자산운용,20201007,수익증권형
364970,TIGER 바이오TOP10,미래에셋자산운용,20201007,수익증권형
498180,파워 종합채권(AA-이상)액티브,교보악사자산운용,20241126,수익증권형
144600,KODEX 은선물(H),삼성자산운용(ETF),20110718,수익증권형
284430,KODEX 200미국채혼합,삼성자산운용(ETF),20171130,수익증권형
498270,KIWOOM 미국양자컴퓨팅,키움투자자산운용,20241217,수익증권형
461950,KODEX 2차전지핵심소재10,삼성자산운용(ETF),20230704,수익증권형
136340,RISE 중기우량회사채,KB자산운용,20110415,수익증권형
462540,SOL 25-09 회사채(AA-이상)액티브,신한자산운용,20230808,수익증권형
0043B0,TIGER 머니마켓액티브,미래에셋자산운용,20250422,수익증권형
182480,TIGER 미국MSCI리츠(합성 H),미래에셋자산운용,20131010,수익증권형
464930,TIGER 글로벌혁신블루칩TOP10,미래에셋자산운용,20230829,수익증권형
0000Y0,HK 26-12 회사채(AA-이상)액티브,흥국자산운용,20241224,수익증권형
464240,KIWOOM 26-09회사채(AA-이상)액티브,키움투자자산운용,20230817,수익증권형
302450,RISE 코스피,KB자산운용,20180724,수익증권형
445290,KODEX K-로봇액티브,삼성자산운용(ETF),20221115,수익증권형
0016X0,SOL 중단기회사채(A-이상)액티브,신한자산운용,20250218,수익증권형
466400,1Q 25-08 회사채(A+이상)액티브,하나자산운용,20230919,수익증권형
476760,ACE 미국30년국채액티브,한국투자신탁운용,20240312,수익증권형
422420,RISE 2차전지액티브,KB자산운용,20220408,수익증권형
139230,TIGER 200 중공업,미래에셋자산운용,20110406,수익증권형
326240,RISE IT플러스,KB자산운용,20190620,수익증권형
228810,TIGER 미디어컨텐츠,미래에셋자산운용,20151007,수익증권형
455860,SOL 2차전지소부장Fn,신한자산운용,20230425,수익증권형
478150,TIMEFOLIO 글로벌우주테크&방산액티브,타임폴리오자산운용,20240423,수익증권형
489570,HANARO 25-12 은행채(AA+이상)액티브,NH-Amundi자산운용,20241015,수익증권형
485540,KODEX 미국AI테크TOP10,삼성자산운용(ETF),20240625,수익증권형
168580,ACE 중국본토CSI300,한국투자신탁운용,20121129,수익증권형
304940,KODEX 미국나스닥100선물(H),삼성자산운용(ETF),20180830,수익증권형
451060,1Q K200액티브,하나자산운용,20230131,수익증권형
0000J0,PLUS 한화그룹주,한화자산운용,20241224,수익증권형
495710,BNK 26-06 특수채(AAA이상)액티브,BNK자산운용,20241203,수익증권형
473440,ACE 11월만기자동연장회사채AA-이상액티브,한국투신운용(ETF),20231219,수익증권형
465780,마이티 26-09 특수채(AAA)액티브,DB자산운용,20230921,수익증권형
157490,TIGER 소프트웨어,미래에셋자산운용,20120516,수익증권형
463050,TIMEFOLIO K바이오액티브,타임폴리오자산운용,20230817,수익증권형
489870,KIWOOM 25-09 회사채(AA-이상)액티브,키움투자자산운용,20240924,수익증권형
475050,ACE KPOP포커스,한국투신운용(ETF),20240130,수익증권형
419890,KIWOOM 단기채권ESG액티브,키움투자자산운용,20220303,수익증권형
476750,ACE 미국30년국채엔화노출액티브(H),한국투자신탁운용,20240312,수익증권형
429000,TIGER 미국S&P500배당귀족,미래에셋자산운용,20220517,수익증권형
282000,RISE 국고채3년선물인버스,KB자산운용,20171109,수익증권형
401470,KODEX K-메타버스액티브,삼성자산운용(ETF),20211013,수익증권형
130730,KIWOOM 단기자금,키움투자자산운용,20100729,수익증권형
490090,TIGER 미국AI빅테크10,미래에셋자산운용,20240827,수익증권형
213610,KODEX 삼성그룹밸류,삼성자산운용(ETF),20150108,수익증권형
245340,TIGER 미국다우존스30,미래에셋자산운용,20160701,수익증권형
0005A0,KODEX 미국S&P500데일리커버드콜OTM,삼성자산운용(ETF),20250107,수익증권형
465350,RISE 2차전지TOP10인버스(합성),KB자산운용,20230912,수익증권형
471990,KODEX AI반도체핵심장비,삼성자산운용(ETF),20231121,수익증권형
270810,RISE 코스닥150,KB자산운용,20170616,수익증권형
438570,SOL 국고채10년,신한자산운용,20220906,수익증권형
328370,PLUS 코스피TR,한화자산운용,20190625,수익증권형
228800,TIGER 여행레저,미래에셋자산운용,20151007,수익증권형
401170,RISE 메타버스,KB자산운용,20211013,수익증권형
0025N0,TIGER TDF2045,미래에셋자산운용,20250325,수익증권형
0026E0,KODEX 미국S&P500버퍼3월액티브,삼성자산운용(ETF),20250325,수익증권형
332930,HANARO 200TR,NH-Amundi자산운용,20190828,수익증권형
475280,ACE 8월만기자동연장회사채AA-이상액티브,한국투신운용(ETF),20240123,수익증권형
472150,TIGER 배당커버드콜액티브,미래에셋자산운용,20231212,수익증권형
412770,TIGER 글로벌AI플랫폼액티브,미래에셋자산운용,20211222,수익증권형
190620,ACE 단기통안채,한국투신운용(ETF),20131223,수익증권형
491230,PLUS 국공채머니마켓액티브,한화자산운용,20240910,수익증권형
448330,KODEX 삼성전자채권혼합,삼성자산운용(ETF),20221129,수익증권형
441800,TIMEFOLIO Korea플러스배당액티브,타임폴리오자산운용,20220927,수익증권형
325020,KODEX 배당가치,삼성자산운용(ETF),20190531,수익증권형
489030,PLUS 고배당주위클리커버드콜,한화자산운용,20240813,수익증권형
461500,HANARO 종합채권(AA-이상)액티브,NH-Amundi자산운용,20231026,수익증권형
150460,TIGER 중국소비테마,미래에셋자산운용,20111216,수익증권형
204480,TIGER 차이나CSI300레버리지(합성),미래에셋자산운용,20140901,수익증권형
325010,KODEX 성장주,삼성자산운용(ETF),20190531,수익증권형
442320,RISE 글로벌원자력,KB자산운용,20221013,수익증권형
400970,TIGER Fn메타버스,미래에셋자산운용,20211013,수익증권형
453330,RISE 미국S&P500(H),KB자산운용,20230321,수익증권형
267770,TIGER 200선물레버리지,미래에셋자산운용,20170425,수익증권형
310960,TIGER 200TR,미래에셋자산운용,20181120,수익증권형
275980,TIGER 글로벌4차산업혁신기술(합성 H),미래에셋자산운용,20170801,수익증권형
329660,KODEX TRF5050,삼성자산운용(ETF),20190704,수익증권형
452250,ACE 미국30년국채선물레버리지(합성 H),한국투신운용(ETF),20230207,수익증권형
292560,TIGER 일본엔선물,미래에셋자산운용,20180417,수익증권형
114820,TIGER 국채3년,미래에셋자산운용,20090827,수익증권형
308620,KODEX 미국10년국채선물,삼성자산운용(ETF),20181019,수익증권형
476690,TIGER 글로벌비만치료제TOP2Plus,미래에셋자산운용,20240229,수익증권형
465610,ACE 미국빅테크TOP7 Plus레버리지(합성),한국투신운용(ETF),20230912,수익증권형
0026S0,1Q 미국S&P500,하나자산운용,20250318,수익증권형
441540,HANARO Fn조선해운,NH-Amundi자산운용,20220915,수익증권형
473590,ACE 미국주식베스트셀러,한국투자신탁운용,20231227,수익증권형
469070,RISE AI&로봇,KB자산운용,20231024,수익증권형
480310,TIGER 글로벌온디바이스AI,미래에셋자산운용,20240416,수익증권형
464310,TIGER 글로벌AI&로보틱스 INDXX,미래에셋자산운용,20230817,수익증권형
468820,WON 25-09 회사채(AA-이상)액티브,우리자산운용,20231019,수익증권형
486830,HANARO 머니마켓액티브,NH-Amundi자산운용,20240716,수익증권형
266420,KODEX 헬스케어,삼성자산운용(ETF),20170328,수익증권형
475350,RISE 버크셔포트폴리오TOP10,KB자산운용,20240227,수익증권형
449770,KIWOOM 미국S&P500,키움투자자산운용,20221220,수익증권형
365000,TIGER 인터넷TOP10,미래에셋자산운용,20201007,수익증권형
278240,RISE 코스닥150선물레버리지,KB자산운용,20170831,수익증권형
480040,ACE 미국반도체데일리타겟커버드콜(합성),한국투신운용(ETF),20240423,수익증권형
494310,KODEX 반도체레버리지,삼성자산운용(ETF),20241022,수익증권형
138540,TIGER 현대차그룹+펀더멘털,미래에셋자산운용,20110310,수익증권형
174360,RISE 중국본토대형주CSI100,KB자산운용,20130604,수익증권형
412570,TIGER 2차전지TOP10레버리지,미래에셋자산운용,20211215,수익증권형
458750,TIGER 미국배당다우존스타겟커버드콜1호,미래에셋자산운용,20230620,수익증권형
399110,SOL 미국S&P500ESG,신한자산운용,20210914,수익증권형
233160,TIGER 코스닥150 레버리지,미래에셋자산운용,20151217,수익증권형
440640,ACE 단기채권알파액티브,한국투신운용(ETF),20220823,수익증권형
471760,TIGER AI반도체핵심공정,미래에셋자산운용,20231121,수익증권형
261270,KODEX 미국달러선물인버스,삼성자산운용(ETF),20161227,수익증권형
251600,PLUS 고배당주채권혼합,한화자산운용,20160811,수익증권형
195980,PLUS 신흥국MSCI(합성 H),한화자산운용,20140513,수익증권형
315960,RISE 대형고배당10TR,KB자산운용,20190122,수익증권형
236350,TIGER 인도니프티50레버리지(합성),미래에셋자산운용,20160513,수익증권형
139280,TIGER 경기방어,미래에셋자산운용,20110406,수익증권형
329670,KODEX TRF7030,삼성자산운용(ETF),20190704,수익증권형
461460,PLUS 국고채10년액티브,한화자산운용,20230718,수익증권형
437070,KODEX 아시아달러채권ESG플러스액티브,삼성자산운용(ETF),20220809,수익증권형
414270,ACE 글로벌자율주행액티브,한국투신운용(ETF),20220215,수익증권형
266160,RISE 고배당,KB자산운용,20170414,수익증권형
476070,KODEX 글로벌비만치료제TOP2 Plus,삼성자산운용(ETF),20240214,수익증권형
434730,HANARO 원자력iSelect,NH-Amundi자산운용,20220628,수익증권형
497880,SOL CD금리&머니마켓액티브,신한자산운용,20241126,수익증권형
252710,TIGER 200선물인버스2X,미래에셋자산운용,20160922,수익증권형
471460,KIWOOM 국고채30년액티브,키움투자자산운용,20231107,수익증권형
261240,KODEX 미국달러선물,삼성자산운용(ETF),20161227,수익증권형
460960,ACE 글로벌인컴TOP10 SOLACTIVE,한국투자신탁운용,20230711,수익증권형
463250,TIGER K방산&우주,미래에셋자산운용,20230725,수익증권형
261220,KODEX WTI원유선물(H),삼성자산운용(ETF),20161227,수익증권형
245360,TIGER 차이나HSCEI,미래에셋자산운용,20160616,수익증권형
453080,KIWOOM 미국나스닥100(H),키움투자자산운용,20230314,수익증권형
269540,PLUS 미국S&P500(H),한화자산운용,20170516,수익증권형
272910,ACE 중장기국공채액티브,한국투신운용(ETF),20170629,수익증권형
484880,SOL 금융지주플러스고배당,신한자산운용,20240625,수익증권형
491010,TIGER 글로벌AI전력인프라액티브,미래에셋자산운용,20240910,수익증권형
395290,HANARO Fn K-POP&미디어,NH-Amundi자산운용,20210730,수익증권형
455960,RISE 미국달러SOFR금리액티브(합성),KB자산운용,20230516,수익증권형
237350,KODEX 코스피100,삼성자산운용(ETF),20160127,수익증권형
123320,TIGER 레버리지,미래에셋자산운용,20100409,수익증권형
468380,KODEX iShares미국하이일드액티브,삼성자산운용(ETF),20231019,수익증권형
465330,RISE 2차전지TOP10,KB자산운용,20230912,수익증권형
139660,KIWOOM 미국달러선물인버스,키움투자자산운용,20110401,수익증권형
487910,ACE 인도컨슈머파워액티브,한국투신운용(ETF),20240910,수익증권형
203780,TIGER 미국나스닥바이오,미래에셋자산운용,20140827,수익증권형
447620,SOL 미국TOP5채권혼합40 Solactive,신한자산운용,20221129,수익증권형
490480,SOL K방산,신한자산운용,20241002,수익증권형
204450,KODEX 차이나H레버리지(H),삼성자산운용(ETF),20140912,수익증권형
426020,TIMEFOLIO 미국S&P500액티브,타임폴리오자산운용,20220511,수익증권형
461600,SOL 미국30년국채액티브(H),신한자산운용,20230711,수익증권형
461260,ACE 25-06 회사채(AA-이상)액티브,한국투신운용(ETF),20230620,수익증권형
469170,ACE 포스코그룹포커스,한국투신운용(ETF),20231017,수익증권형
453650,KODEX 미국S&P500금융,삼성자산운용(ETF),20230321,수익증권형
280930,KODEX 미국러셀2000(H),삼성자산운용(ETF),20171109,수익증권형
448490,HANARO 32-10 국고채액티브,NH-Amundi자산운용,20221122,수익증권형
490590,RISE 미국AI밸류체인데일리고정커버드콜,KB자산운용,20241002,수익증권형
475260,ACE 2월만기자동연장회사채AA-이상액티브,한국투신운용(ETF),20240123,수익증권형
395170,KODEX Top10동일가중,삼성자산운용(ETF),20210730,수익증권형
411420,KODEX 미국메타버스나스닥액티브,삼성자산운용(ETF),20211222,수익증권형
464470,PLUS 미국채30년액티브,한화자산운용,20230822,수익증권형
426150,WON 대한민국국고채액티브,우리자산운용,20220511,수익증권형
225040,TIGER 미국S&P500레버리지(합성 H),미래에셋자산운용,20150729,수익증권형
403790,마이다스 코스피액티브,마이다스자산운용,20211013,수익증권형
490600,RISE 미국배당100데일리고정커버드콜,KB자산운용,20240924,수익증권형
471040,KoAct 글로벌AI&로봇액티브,삼성액티브자산(ETF),20231121,수익증권형
472830,RISE 미국30년국채커버드콜(합성),KB자산운용,20231214,수익증권형
278620,PLUS 단기채권액티브,한화자산운용,20170926,수익증권형
496090,KIWOOM 코리아밸류업,키움투자자산운용,20241104,수익증권형
454320,HANARO CAPEX설비투자iSelect,NH-Amundi자산운용,20230418,수익증권형
385720,TIMEFOLIO 코스피액티브,타임폴리오자산운용,20210525,수익증권형
496770,PLUS 글로벌방산,한화자산운용,20241112,수익증권형
336160,RISE 금융채액티브,KB자산운용,20191029,수익증권형
101280,KODEX 일본TOPIX100,삼성자산운용(ETF),20080220,수익증권형
495050,RISE 코리아밸류업,KB자산운용,20241104,수익증권형
322400,HANARO e커머스,NH-Amundi자산운용,20190423,수익증권형
0000D0,TIGER 엔비디아미국채커버드콜밸런스(합성),미래에셋자산운용,20241217,수익증권형
475270,ACE 5월만기자동연장회사채AA-이상액티브,한국투신운용(ETF),20240123,수익증권형
423170,SOL 한국형글로벌반도체액티브,신한자산운용,20220412,수익증권형
456680,TIGER 차이나전기차레버리지(합성),미래에셋자산운용,20230509,수익증권형
099140,KODEX 차이나H,삼성자산운용(ETF),20071010,수익증권형
152870,파워 200,교보악사자산운용,20120213,수익증권형
122260,KIWOOM 통안채1년,키움투자자산운용,20100114,수익증권형
476030,SOL 미국나스닥100,신한자산운용,20240312,수익증권형
266360,KODEX 미디어&엔터테인먼트,삼성자산운용(ETF),20170328,수익증권형
359210,KODEX 코스피TR,삼성자산운용(ETF),20200721,수익증권형
102970,KODEX 증권,삼성자산운용(ETF),20080529,수익증권형
0008E0,ACE 미국중심중소형제조업,한국투신운용(ETF),20250121,수익증권형
396520,TIGER 차이나반도체FACTSET,미래에셋자산운용,20210810,수익증권형
279530,KODEX 고배당,삼성자산운용(ETF),20171017,수익증권형
385510,KODEX K-신재생에너지액티브,삼성자산운용(ETF),20210525,수익증권형
0007N0,아이엠에셋 200,iM에셋자산운용,20250211,수익증권형
407830,에셋플러스 글로벌플랫폼액티브,에셋플러스자산운용,20211116,수익증권형
108450,ACE 삼성그룹섹터가중,한국투신운용(ETF),20090203,수익증권형
477730,KODEX 인도타타그룹,삼성자산운용(ETF),20240508,수익증권형
447430,ACE 주주환원가치주액티브,한국투신운용(ETF),20221115,수익증권형
0008T0,SOL 화장품TOP3플러스,신한자산운용,20250121,수익증권형
371470,TIGER 차이나바이오테크SOLACTIVE,미래에셋자산운용,20201208,수익증권형
117700,KODEX 건설,삼성자산운용(ETF),20091030,수익증권형
152380,KODEX 국채선물10년,삼성자산운용(ETF),20120120,수익증권형
458030,WON 단기국공채액티브,우리자산운용,20230531,수익증권형
276970,KODEX 미국S&P500배당귀족커버드콜(합성 H),삼성자산운용(ETF),20170810,수익증권형
332500,ACE 200TR,한국투신운용(ETF),20190828,수익증권형
466930,SOL 자동차TOP3플러스,신한자산운용,20231005,수익증권형
469150,ACE AI반도체포커스,한국투신운용(ETF),20231017,수익증권형
138230,KIWOOM 미국달러선물,키움투자자산운용,20110224,수익증권형
475380,RISE 글로벌리얼티인컴,KB자산운용,20240220,수익증권형
453820,KODEX 인도Nifty50레버리지(합성),삼성자산운용(ETF),20230421,수익증권형
491620,RISE 미국테크100데일리고정커버드콜,KB자산운용,20241002,수익증권형
337160,KODEX 200ESG,삼성자산운용(ETF),20191114,수익증권형
445150,KODEX K-친환경조선해운액티브,삼성자산운용(ETF),20221115,수익증권형
453010,PLUS KOFR금리,한화자산운용,20230314,수익증권형
195970,PLUS 선진국MSCI(합성 H),한화자산운용,20140513,수익증권형
195930,TIGER 유로스탁스50(합성 H),미래에셋자산운용,20140430,수익증권형
261250,KODEX 미국달러선물레버리지,삼성자산운용(ETF),20161227,수익증권형
433980,KODEX TDF2040액티브,삼성자산운용(ETF),20220630,수익증권형
421320,PLUS 우주항공&UAM,한화자산운용,20220329,수익증권형
167860,KIWOOM 국고채10년레버리지,키움투자자산운용,20121030,수익증권형
463300,RISE 중국본토CSI300,KB자산운용,20230808,수익증권형
444490,WON 미국S&P500,우리자산운용,20221006,수익증권형
433970,KODEX TDF2030액티브,삼성자산운용(ETF),20220630,수익증권형
388280,RISE 컨택트대표,KB자산운용,20210610,수익증권형
438320,TIGER 차이나항셍테크레버리지(합성 H),미래에셋자산운용,20220823,수익증권형
123310,TIGER 인버스,미래에셋자산운용,20100329,수익증권형
364990,TIGER 게임TOP10,미래에셋자산운용,20201007,수익증권형
332620,PLUS 미국장기우량회사채,한화자산운용,20190820,수익증권형
332940,HANARO MSCI Korea TR,NH-Amundi자산운용,20190828,수익증권형
448570,FOCUS AI코리아액티브,브이아이자산운용,20221115,수익증권형
139220,TIGER 200 건설,미래에셋자산운용,20110406,수익증권형
352560,KODEX 미국부동산리츠(H),삼성자산운용(ETF),20200513,수익증권형
332610,PLUS 미국단기회사채(AAA~A),한화자산운용,20190820,수익증권형
304780,HANARO 200선물레버리지,NH-Amundi자산운용,20180814,수익증권형
227540,TIGER 200 헬스케어,미래에셋자산운용,20150923,수익증권형
368190,HANARO Fn K-뉴딜디지털플러스,NH-Amundi자산운용,20201110,수익증권형
363580,KODEX 200IT TR,삼성자산운용(ETF),20200925,수익증권형
245350,TIGER 유로스탁스배당30,미래에셋자산운용,20160701,수익증권형
488720,WON 종합채권(AA-이상)액티브,우리자산운용,20240806,수익증권형
434960,DAISHIN343 K200,대신자산운용,20220628,수익증권형
495550,SOL 코리아밸류업TR,신한자산운용,20241104,수익증권형
474590,WON 반도체밸류체인액티브,우리자산운용,20240116,수익증권형
400570,KODEX 유럽탄소배출권선물ICE(H),삼성자산운용(ETF),20210930,수익증권형
160580,TIGER 구리실물,미래에셋자산운용,20121217,수익증권형
114470,KIWOOM 국고채3년,키움투자자산운용,20090731,수익증권형
495230,KoAct 코리아밸류업액티브,삼성액티브자산(ETF),20241104,수익증권형
211560,TIGER 배당성장,미래에셋자산운용,20141217,수익증권형
491220,PLUS 200TR,한화자산운용,20240910,수익증권형
237370,KODEX 배당성장채권혼합,삼성자산운용(ETF),20160127,수익증권형
200030,KODEX 미국S&P500산업재(합성),삼성자산운용(ETF),20140612,수익증권형
0038A0,KODEX 미국휴머노이드로봇,삼성자산운용(ETF),20250415,수익증권형
300640,RISE 게임테마,KB자산운용,20180724,수익증권형
476850,KoAct 배당성장액티브,삼성액티브자산(ETF),20240227,수익증권형
461340,HANARO 글로벌생성형AI액티브,NH-Amundi자산운용,20230711,수익증권형
493420,SOL 미국배당다우존스TR,신한자산운용,20241008,수익증권형
371450,TIGER 글로벌클라우드컴퓨팅INDXX,미래에셋자산운용,20201208,수익증권형
494330,ACE 라이프자산주주가치액티브,한국투신운용(ETF),20241015,수익증권형
465660,TIGER 일본반도체FACTSET,미래에셋자산운용,20230919,수익증권형
437350,RISE 미국단기투자등급회사채액티브,KB자산운용,20220729,수익증권형
411860,KIWOOM 독일DAX,키움투자자산운용,20211222,수익증권형
256440,ACE 인도네시아MSCI(합성),한국투신운용(ETF),20161101,수익증권형
367760,RISE 5G테크,KB자산운용,20201029,수익증권형
495040,PLUS 코리아밸류업,한화자산운용,20241104,수익증권형
473490,KIWOOM 글로벌AI반도체,키움투자자산운용,20231221,수익증권형
440910,WON 미국우주항공방산,우리자산운용,20220826,수익증권형
363510,SOL KIS단기통안채,신한자산운용,20200909,수익증권형
256750,KODEX 차이나심천ChiNext(합성),삼성자산운용(ETF),20161108,수익증권형
433500,ACE 원자력테마딥서치,한국투자신탁운용,20220628,수익증권형
491090,KODEX 미국테크TOP3플러스,삼성자산운용(ETF),20240910,수익증권형
485690,RISE 미국AI밸류체인TOP3Plus,KB자산운용,20240723,수익증권형
139250,TIGER 200 에너지화학,미래에셋자산운용,20110406,수익증권형
210780,TIGER 코스피고배당,미래에셋자산운용,20141205,수익증권형
289480,TIGER 200커버드콜,미래에셋자산운용,20180209,수익증권형
272570,RISE 중장기국공채액티브,KB자산운용,20170629,수익증권형
481340,RISE 미국30년국채액티브,KB자산운용,20240528,수익증권형
360140,KODEX 200롱코스닥150숏선물,삼성자산운용(ETF),20200821,수익증권형
494220,UNICORN SK하이닉스밸류체인액티브,현대자산운용,20241107,수익증권형
248270,TIGER S&P글로벌헬스케어(합성),미래에셋자산운용,20160701,수익증권형
438900,HANARO Fn K-푸드,NH-Amundi자산운용,20220817,수익증권형
326230,RISE 내수주플러스,KB자산운용,20190620,수익증권형
218420,KODEX 미국S&P500에너지(합성),삼성자산운용(ETF),20150428,수익증권형
287180,PLUS 미국나스닥테크,한화자산운용,20171213,수익증권형
271060,KODEX 3대농산물선물(H),삼성자산운용(ETF),20170613,수익증권형
298770,KODEX 한국대만IT프리미어,삼성자산운용(ETF),20180611,수익증권형
495940,RISE 미국AI테크액티브,KB자산운용,20241126,수익증권형
486240,DAISHIN343 AI반도체&인프라액티브,대신자산운용,20240618,수익증권형
494410,PLUS 미국S&P500성장주,한화자산운용,20241022,수익증권형
0005D0,SOL 전고체배터리&실리콘음극재,신한자산운용,20250107,수익증권형
495330,1Q 코리아밸류업,하나자산운용,20241104,수익증권형
300950,KODEX 게임산업,삼성자산운용(ETF),20180724,수익증권형
0017Y0,1Q 종합채권(AA-이상)액티브,하나자산운용,20250225,수익증권형
464920,PLUS 일본반도체소부장,한화자산운용,20230831,수익증권형
261070,TIGER 코스닥150바이오테크,미래에셋자산운용,20161215,수익증권형
497780,KoAct 미국천연가스인프라액티브,삼성액티브자산(ETF),20241210,수익증권형
169950,KODEX 차이나A50,삼성자산운용(ETF),20130121,수익증권형
394350,KIWOOM 글로벌퓨처모빌리티,키움투자자산운용,20210720,수익증권형
488080,TIGER 반도체TOP10레버리지,미래에셋자산운용,20240723,수익증권형
419430,KODEX 차이나2차전지MSCI(합성),삼성자산운용(ETF),20220322,수익증권형
453640,KODEX 미국S&P500헬스케어,삼성자산운용(ETF),20230321,수익증권형
0015B0,KoAct 미국나스닥성장기업액티브,삼성액티브자산(ETF),20250225,수익증권형
450910,SOL 코스닥150,신한자산운용,20230131,수익증권형
469050,RISE 미국반도체NYSE(H),KB자산운용,20231024,수익증권형
457690,KODEX 33-06 국고채액티브,삼성자산운용(ETF),20230531,수익증권형
457700,KODEX 53-09 국고채액티브,삼성자산운용(ETF),20230531,수익증권형
352540,KODEX 일본부동산리츠(H),삼성자산운용(ETF),20200513,수익증권형
418670,TIGER 글로벌AI사이버보안,미래에셋자산운용,20220222,수익증권형
495750,HANARO 코리아밸류업,NH-Amundi자산운용,20241104,수익증권형
468630,KODEX iShares미국투자등급회사채액티브,삼성자산운용(ETF),20231019,수익증권형
442570,RISE TDF2050액티브,KB자산운용,20220922,수익증권형
483330,ACE 마이크로소프트밸류체인액티브,한국투신운용(ETF),20240611,수익증권형
0000H0,KODEX 인도Nifty미드캡100,삼성자산운용(ETF),20250408,수익증권형
0041D0,KODEX 미국AI소프트웨어TOP10,삼성자산운용(ETF),20250422,수익증권형
0040S0,HANARO 글로벌피지컬AI액티브,NH-Amundi자산운용,20250422,수익증권형
479620,SOL 미국AI반도체칩메이커,신한자산운용,20240416,수익증권형
250730,RISE 차이나HSCEI(H),KB자산운용,20160810,수익증권형
387270,TIGER 글로벌이노베이션액티브,미래에셋자산운용,20210525,수익증권형
489290,WON 미국빌리어네어,우리자산운용,20240903,수익증권형
447660,PLUS 애플채권혼합,한화자산운용,20221129,수익증권형
117460,KODEX 에너지화학,삼성자산운용(ETF),20091012,수익증권형
442260,마이티 다이나믹퀀트액티브,DB자산운용,20221025,수익증권형
0010E0,ACE FTSE WGBI Korea,한국투신운용(ETF),20250218,수익증권형
0041E0,KODEX 미국S&P500액티브,삼성자산운용(ETF),20250422,수익증권형
354500,ACE 코스닥150,한국투신운용(ETF),20200507,수익증권형
449780,KIWOOM 미국S&P500(H),키움투자자산운용,20221220,수익증권형
375770,KODEX 탄소효율그린뉴딜,삼성자산운용(ETF),20210205,수익증권형
0022T0,SOL 골드커버드콜액티브,신한자산운용,20250311,수익증권형
276650,RISE 글로벌테크놀로지(합성 H),KB자산운용,20170817,수익증권형
238720,ACE 일본Nikkei225(H),한국투신운용(ETF),20160303,수익증권형
494840,TIGER 미국방산TOP10,미래에셋자산운용,20241029,수익증권형
140700,KODEX 보험,삼성자산운용(ETF),20110426,수익증권형
463680,KODEX 미국S&P500테크놀로지,삼성자산운용(ETF),20230801,수익증권형
354350,HANARO 글로벌럭셔리S&P(합성),NH-Amundi자산운용,20200512,수익증권형
211900,KODEX 배당성장,삼성자산운용(ETF),20141217,수익증권형
496120,ACE 코리아밸류업,한국투신운용(ETF),20241104,수익증권형
440340,TIGER 글로벌멀티에셋TIF액티브,미래에셋자산운용,20220830,수익증권형
276990,KODEX 글로벌로봇(합성),삼성자산운용(ETF),20170817,수익증권형
271050,KODEX WTI원유선물인버스(H),삼성자산운용(ETF),20170613,수익증권형
0019K0,TIMEFOLIO 미국나스닥100채권혼합50액티브,타임폴리오자산운용,20250325,수익증권형
377990,TIGER Fn신재생에너지,미래에셋자산운용,20210305,수익증권형
225800,KIWOOM 미국달러선물레버리지,키움투자자산운용,20150810,수익증권형
429760,PLUS 미국S&P500,한화자산운용,20220531,수익증권형
459560,KODEX 테슬라밸류체인FactSet,삼성자산운용(ETF),20230608,수익증권형
483240,TIGER 미국나스닥100ETF선물,미래에셋자산운용,20241119,수익증권형
252420,RISE 200선물인버스2X,KB자산운용,20160922,수익증권형
196030,ACE 일본TOPIX레버리지(H),한국투신운용(ETF),20140616,수익증권형
483340,ACE 구글밸류체인액티브,한국투신운용(ETF),20240611,수익증권형
269420,KODEX S&P글로벌인프라(합성),삼성자산운용(ETF),20170516,수익증권형
385590,ACE ESG액티브,한국투신운용(ETF),20210525,수익증권형
341850,TIGER 리츠부동산인프라채권TR KIS,미래에셋자산운용,20200522,수익증권형
438560,SOL 국고채3년,신한자산운용,20220906,수익증권형
451600,PLUS 국고채30년액티브,한화자산운용,20230207,수익증권형
428510,KODEX 차이나AI테크액티브,삼성자산운용(ETF),20220517,수익증권형
292190,KODEX KRX300,삼성자산운용(ETF),20180326,수익증권형
354240,RISE 미국고정배당우선증권 TR,KB자산운용,20200519,수익증권형
444200,SOL KEDI메가테크액티브,신한자산운용,20221018,수익증권형
459790,KIWOOM 미국성장기업30액티브,키움투자자산운용,20230627,수익증권형
453950,TIGER TSMC파운드리밸류체인,미래에셋자산운용,20230404,수익증권형
472350,1Q 차이나H(H),하나자산운용,20231212,수익증권형
0015F0,KIWOOM 팔란티어미국30년국채혼합액티브(H),키움투자자산운용,20250211,수익증권형
104530,KIWOOM 고배당,키움투자자산운용,20080729,수익증권형
130680,TIGER 원유선물Enhanced(H),미래에셋자산운용,20100802,수익증권형
396510,TIGER 차이나클린에너지SOLACTIVE,미래에셋자산운용,20210810,수익증권형
379790,RISE 유로스탁스50(H),KB자산운용,20210409,수익증권형
491700,HK 200,흥국자산운용,20240910,수익증권형
213630,PLUS 미국다우존스고배당주(합성 H),한화자산운용,20150126,수익증권형
239660,PLUS 우량회사채50,한화자산운용,20160322,수익증권형
395150,KODEX 웹툰&드라마,삼성자산운용(ETF),20210730,수익증권형
440650,ACE 미국달러단기채권액티브,한국투자신탁운용,20220823,수익증권형
252400,RISE 200선물레버리지,KB자산운용,20160912,수익증권형
483570,KCGI 미국S&P500 TOP10,KCGI자산운용,20240528,수익증권형
415340,KODEX 차이나과창판STAR50(합성),삼성자산운용(ETF),20220113,수익증권형
266370,KODEX IT,삼성자산운용(ETF),20170328,수익증권형
494420,PLUS 미국배당증가성장주데일리커버드콜,한화자산운용,20241022,수익증권형
250780,TIGER 코스닥150선물인버스,미래에셋자산운용,20160810,수익증권형
265690,ACE 러시아MSCI(합성),한국투신운용(ETF),20170321,수익증권형
243880,TIGER 200IT레버리지,미래에셋자산운용,20160513,수익증권형
445690,BNK 주주가치액티브,BNK자산운용,20221027,수익증권형
409810,KODEX 미국나스닥100선물인버스(H),삼성자산운용(ETF),20211209,수익증권형
448630,RISE 삼성그룹Top3채권혼합,KB자산운용,20221129,수익증권형
467620,KIWOOM 25-09 미국채권(AA-이상)액티브,키움투자자산운용,20231017,수익증권형
387280,TIGER 퓨처모빌리티액티브,미래에셋자산운용,20210525,수익증권형
491510,파워 K-주주가치액티브,교보악사자산운용,20240924,수익증권형
292770,KODEX 국채선물3년인버스,삼성자산운용(ETF),20180413,수익증권형
489000,PLUS 일본엔화초단기국채(합성),한화자산운용,20240813,수익증권형
137610,TIGER 농산물선물Enhanced(H),미래에셋자산운용,20110111,수익증권형
417630,TIGER KEDI혁신기업ESG30,미래에셋자산운용,20220208,수익증권형
381560,HANARO Fn전기&수소차,NH-Amundi자산운용,20210402,수익증권형
385520,KODEX K-미래차액티브,삼성자산운용(ETF),20210525,수익증권형
183700,RISE 채권혼합,KB자산운용,20131017,수익증권형
261120,TIGER 미국달러선물인버스2X,미래에셋자산운용,20161227,수익증권형
277540,ACE 아시아TOP50S&P,한국투자신탁운용,20170823,수익증권형
371150,RISE 차이나항셍테크,KB자산운용,20201216,수익증권형
371870,ACE 차이나항셍테크,한국투신운용(ETF),20201216,수익증권형
459750,RISE 글로벌주식분산액티브,KB자산운용,20230627,수익증권형
253290,RISE 헬스케어채권혼합,KB자산운용,20160923,수익증권형
474920,에셋플러스 차이나일등기업포커스10액티브,에셋플러스자산운용,20240116,수익증권형
407820,에셋플러스 코리아플랫폼액티브,에셋플러스자산운용,20211116,수익증권형
304770,HANARO 코스닥150,NH-Amundi자산운용,20180814,수익증권형
491830,TIGER 미국AI반도체팹리스,미래에셋자산운용,20240924,수익증권형
316670,KIWOOM 코스닥150,키움투자자산운용,20190122,수익증권형
241390,RISE V&S셀렉트밸류채권혼합,KB자산운용,20160412,수익증권형
139270,TIGER 200 금융,미래에셋자산운용,20110406,수익증권형
422260,VITA MZ소비액티브,한국투자밸류자산운용,20220329,수익증권형
280320,ACE 미국IT인터넷S&P(합성 H),한국투신운용(ETF),20171017,수익증권형
185680,KODEX 미국S&P바이오(합성),삼성자산운용(ETF),20131031,수익증권형
451670,RISE 국채30년레버리지(합성),KB자산운용,20230214,수익증권형
475300,SOL 반도체전공정,신한자산운용,20240214,수익증권형
410870,TIMEFOLIO K컬처액티브,타임폴리오자산운용,20211215,수익증권형
140710,KODEX 운송,삼성자산운용(ETF),20110426,수익증권형
469160,ACE 일본반도체,한국투신운용(ETF),20231017,수익증권형
0000Z0,RISE 바이오TOP10액티브,KB자산운용,20241224,수익증권형
300610,TIGER K게임,미래에셋자산운용,20180724,수익증권형
290080,RISE 200고배당커버드콜ATM,KB자산운용,20180227,수익증권형
494180,TIMEFOLIO 글로벌소비트렌드액티브,타임폴리오자산운용,20241029,수익증권형
428560,KODEX 미국ETF산업Top10 Indxx,삼성자산운용(ETF),20220517,수익증권형
117680,KODEX 철강,삼성자산운용(ETF),20091030,수익증권형
468370,KODEX iShares미국인플레이션국채액티브,삼성자산운용(ETF),20231019,수익증권형
482870,HANARO 주주가치성장코리아액티브,NH-Amundi자산운용,20240611,수익증권형
460660,RISE 미국S&P배당킹,KB자산운용,20230627,수익증권형
0023A0,SOL 미국양자컴퓨팅TOP10,신한자산운용,20250311,수익증권형
455660,ACE 미국하이일드액티브(H),한국투자신탁운용,20230418,수익증권형
266410,KODEX 필수소비재,삼성자산운용(ETF),20170328,수익증권형
295020,RISE 국채선물10년인버스,KB자산운용,20180511,수익증권형
446700,RISE 배터리 리사이클링,KB자산운용,20221101,수익증권형
291130,ACE 멕시코MSCI(합성),한국투신운용(ETF),20180309,수익증권형
217780,TIGER 차이나CSI300인버스(합성),미래에셋자산운용,20150610,수익증권형
114460,ACE 국고채3년,한국투신운용(ETF),20090731,수익증권형
122090,PLUS 코스피50,한화자산운용,20100107,수익증권형
491820,HANARO 전력설비투자,NH-Amundi자산운용,20240924,수익증권형
463640,KODEX 미국S&P500유틸리티,삼성자산운용(ETF),20230801,수익증권형
140950,파워 코스피100,교보악사자산운용,20110503,수익증권형
337140,KODEX 코스피대형주,삼성자산운용(ETF),20191114,수익증권형
456250,KODEX 유럽명품TOP10 STOXX,삼성자산운용(ETF),20230425,수익증권형
435040,ACE 글로벌브랜드TOP10블룸버그,한국투자신탁운용,20220628,수익증권형
276000,TIGER 글로벌자원생산기업(합성 H),미래에셋자산운용,20170801,수익증권형
479850,HANARO K-뷰티,NH-Amundi자산운용,20240416,수익증권형
117690,TIGER 차이나항셍25,미래에셋자산운용,20091021,수익증권형
465670,TIGER 미국캐시카우100,미래에셋자산운용,20230919,수익증권형
275300,KODEX MSCI퀄리티,삼성자산운용(ETF),20170711,수익증권형
306950,KODEX KRX300레버리지,삼성자산운용(ETF),20181016,수익증권형
453630,KODEX 미국S&P500필수소비재,삼성자산운용(ETF),20230321,수익증권형
453060,HANARO KOFR금리액티브(합성),NH-Amundi자산운용,20230314,수익증권형
219390,RISE 미국S&P원유생산기업(합성 H),KB자산운용,20150602,수익증권형
430500,KIWOOM 물가채KIS,키움투자자산운용,20220531,수익증권형
102960,KODEX 기계장비,삼성자산운용(ETF),20080529,수익증권형
395280,HANARO Fn K-게임,NH-Amundi자산운용,20210730,수익증권형
494340,ACE 글로벌AI맞춤형반도체,한국투신운용(ETF),20241022,수익증권형
0001P0,마이티 바이오시밀러&CDMO액티브,DB자산운용,20241224,수익증권형
0013R0,RISE 테슬라미국채타겟커버드콜혼합(합성),KB자산운용,20250218,수익증권형
391600,ACE 미국친환경그린테마INDXX,한국투신운용(ETF),20210805,수익증권형
449690,TIGER 한중반도체(합성),미래에셋자산운용,20221222,수익증권형
469060,RISE 미국반도체NYSE,KB자산운용,20231024,수익증권형
223190,KODEX 200가치저변동,삼성자산운용(ETF),20150626,수익증권형
138910,KODEX 구리선물(H),삼성자산운용(ETF),20110315,수익증권형
385600,ACE 2차전지&친환경차액티브,한국투신운용(ETF),20210525,수익증권형
484890,SOL 머니마켓액티브,신한자산운용,20240625,수익증권형
461900,PLUS 미국테크TOP10,한화자산운용,20230718,수익증권형
100910,KIWOOM KRX100,키움투자자산운용,20080123,수익증권형
461450,KODEX 코스닥글로벌,삼성자산운용(ETF),20230629,수익증권형
105780,RISE 5대그룹주,KB자산운용,20081022,수익증권형
230480,KIWOOM 미국달러선물인버스2X,키움투자자산운용,20151116,수익증권형
0021E0,ACE TDF2050액티브,한국투신운용(ETF),20250311,수익증권형
407310,HANARO 200 TOP10,NH-Amundi자산운용,20211124,수익증권형
195920,TIGER 일본TOPIX(합성 H),미래에셋자산운용,20140430,수익증권형
472840,ITF 200,IBK자산운용,20231221,수익증권형
310080,RISE 중국MSCI China(H),KB자산운용,20181128,수익증권형
225130,ACE 골드선물 레버리지(합성 H),한국투신운용(ETF),20150728,수익증권형
156080,KODEX MSCI Korea,삼성자산운용(ETF),20120430,수익증권형
487920,ACE 인도시장대표BIG5그룹액티브,한국투신운용(ETF),20240910,수익증권형
433880,PLUS TDF2060액티브,한화자산운용,20220630,수익증권형
269370,TIGER S&P글로벌인프라(합성),미래에셋자산운용,20170516,수익증권형
411050,ACE 글로벌메타버스테크액티브,한국투신운용(ETF),20211222,수익증권형
491630,RISE 미국반도체인버스(합성 H),KB자산운용,20241022,수익증권형
275290,KODEX MSCI밸류,삼성자산운용(ETF),20170711,수익증권형
483420,ACE 애플밸류체인액티브,한국투신운용(ETF),20240611,수익증권형
453660,KODEX 미국S&P500경기소비재,삼성자산운용(ETF),20230321,수익증권형
499150,SOL 미국S&P500엔화노출(H),신한자산운용,20241203,수익증권형
487950,KODEX 대만테크고배당다우존스,삼성자산운용(ETF),20240723,수익증권형
104520,KIWOOM 블루칩,키움투자자산운용,20080729,수익증권형
417450,RISE 글로벌수소경제,KB자산운용,20220215,수익증권형
483030,KIWOOM 미국블록버스터바이오테크의약품+,키움투자자산운용,20240528,수익증권형
498610,RISE 인도디지털성장,KB자산운용,20250401,수익증권형
365040,TIGER AI코리아그로스액티브,미래에셋자산운용,20200929,수익증권형
275280,KODEX MSCI모멘텀,삼성자산운용(ETF),20170711,수익증권형
0036R0,RISE 미국휴머노이드로봇,KB자산운용,20250415,수익증권형
432840,HANARO 미국S&P500,NH-Amundi자산운용,20220608,수익증권형
460270,KIWOOM 미국달러SOFR금리액티브(합성),키움투자자산운용,20230620,수익증권형
0036Z0,RISE 미국천연가스밸류체인,KB자산운용,20250422,수익증권형
261110,TIGER 미국달러선물레버리지,미래에셋자산운용,20161227,수익증권형
138530,TIGER LG그룹+펀더멘털,미래에셋자산운용,20110310,수익증권형
285690,FOCUS ESG리더스,브이아이자산운용,20171213,수익증권형
496130,TRUSTON 코리아밸류업액티브,트러스톤자산운용,20241104,수익증권형
419650,PLUS 글로벌수소&차세대연료전지,한화자산운용,20220215,수익증권형
0021D0,ACE TDF2030액티브,한국투신운용(ETF),20250311,수익증권형
480460,WON 한국부동산TOP3플러스,우리자산운용,20240430,수익증권형
337150,KODEX 200exTOP,삼성자산운용(ETF),20191114,수익증권형
463690,KODEX 미국S&P500커뮤니케이션,삼성자산운용(ETF),20230801,수익증권형
226980,KODEX 200 중소형,삼성자산운용(ETF),20150901,수익증권형
0005C0,RISE 미국S&P500엔화노출(합성 H),KB자산운용,20250114,수익증권형
181480,ACE 미국부동산리츠(합성 H),한국투신운용(ETF),20130801,수익증권형
0021C0,ACE 장기자산배분액티브,한국투신운용(ETF),20250311,수익증권형
442090,에셋플러스 코리아대장장이액티브,에셋플러스자산운용,20220920,수익증권형
145850,TREX 펀더멘탈 200,유리자산운용,20110923,수익증권형
159800,마이티 코스피100,DB자산운용,20120705,수익증권형
0018C0,PLUS 고배당주위클리고정커버드콜,한화자산운용,20250305,수익증권형
474390,SOL 국고채30년액티브,신한자산운용,20240116,수익증권형
139320,TIGER 금은선물(H),미래에셋자산운용,20110408,수익증권형
400590,SOL 글로벌탄소배출권선물ICE(합성),신한자산운용,20210930,수익증권형
0015E0,KIWOOM 엔비디아미국30년국채혼합액티브(H),키움투자자산운용,20250211,수익증권형
475310,SOL 반도체후공정,신한자산운용,20240214,수익증권형
450190,KODEX 한중반도체(합성),삼성자산운용(ETF),20221222,수익증권형
494210,SOL 미국500타겟커버드콜액티브,신한자산운용,20241015,수익증권형
376410,TIGER 탄소효율그린뉴딜,미래에셋자산운용,20210205,수익증권형
464610,SOL 의료기기소부장Fn,신한자산운용,20230822,수익증권형
461910,PLUS 미국테크TOP10레버리지(합성),한화자산운용,20230718,수익증권형
473640,HANARO 글로벌금채굴기업,NH-Amundi자산운용,20240118,수익증권형
0020H0,KoAct 글로벌양자컴퓨팅액티브,삼성액티브자산(ETF),20250311,수익증권형
452440,VITA 밸류알파액티브,한국투자밸류자산운용,20230221,수익증권형
091220,TIGER 은행,미래에셋자산운용,20060627,수익증권형
404260,KODEX 기후변화솔루션,삼성자산운용(ETF),20211029,수익증권형
429740,PLUS K리츠,한화자산운용,20220524,수익증권형
445910,TIGER MKF배당귀족,미래에셋자산운용,20221018,수익증권형
415760,SOL 차이나육성산업액티브(합성),신한자산운용,20220113,수익증권형
267490,RISE 미국장기국채선물레버리지(합성 H),KB자산운용,20170420,수익증권형
131890,ACE 삼성그룹동일가중,한국투신운용(ETF),20100917,수익증권형
152500,ACE 레버리지,한국투신운용(ETF),20120127,수익증권형
0002C0,에셋플러스 인도일등기업포커스20액티브,에셋플러스자산운용,20250225,수익증권형
472720,TRUSTON 주주가치액티브,트러스톤자산운용,20231214,수익증권형
433220,에셋플러스 글로벌대장장이액티브,에셋플러스자산운용,20220628,수익증권형
192720,파워 고배당저변동성,교보악사자산운용,20140220,수익증권형
0018Z0,RISE 미국양자컴퓨팅,KB자산운용,20250311,수익증권형
424460,HANARO 글로벌워터MSCI(합성),NH-Amundi자산운용,20220419,수익증권형
395760,PLUS ESG성장주액티브,한화자산운용,20210730,수익증권형
497520,ACE 일라이릴리밸류체인,한국투신운용(ETF),20241119,수익증권형
0040X0,SOL 팔란티어미국채커버드콜혼합,신한자산운용,20250422,수익증권형
477490,에셋플러스 글로벌일등기업포커스10액티브,에셋플러스자산운용,20240319,수익증권형
364690,KODEX 혁신기술테마액티브,삼성자산운용(ETF),20200929,수익증권형
0040Y0,SOL 팔란티어커버드콜OTM채권혼합,신한자산운용,20250422,수익증권형
292500,SOL KRX300,신한자산운용,20180326,수익증권형
471780,TIGER 코리아테크액티브,미래에셋자산운용,20231128,수익증권형
497510,ACE 글로벌빅파마,한국투신운용(ETF),20241119,수익증권형
438740,마이다스 중소형액티브,마이다스자산운용,20220817,수익증권형
0005G0,ITF K-AI반도체코어테크,IBK자산운용,20250121,수익증권형
269530,PLUS S&P글로벌인프라,한화자산운용,20170516,수익증권형
292160,TIGER KRX300,미래에셋자산운용,20180326,수익증권형
225060,TIGER 이머징마켓MSCI레버리지(합성 H),미래에셋자산운용,20150729,수익증권형
305050,ACE 코스피,한국투신운용(ETF),20181005,수익증권형
390400,KODEX 미국스마트모빌리티S&P,삼성자산운용(ETF),20210630,수익증권형
498050,HANARO 바이오코리아액티브,NH-Amundi자산운용,20241126,수익증권형
457930,BNK 미래전략기술액티브,BNK자산운용,20230620,수익증권형
182490,TIGER 단기선진하이일드(합성 H),미래에셋자산운용,20140324,수익증권형
404120,TIMEFOLIO K신재생에너지액티브,타임폴리오자산운용,20211029,수익증권형
183710,RISE 주식혼합,KB자산운용,20131017,수익증권형
0007G0,PLUS 글로벌원자력밸류체인,한화자산운용,20250114,수익증권형
253250,KIWOOM 200선물레버리지,키움투자자산운용,20160912,수익증권형
451150,에셋플러스 글로벌영에이지액티브,에셋플러스자산운용,20230131,수익증권형
237440,TIGER 경기방어채권혼합,미래에셋자산운용,20160127,수익증권형
322410,HANARO 고배당,NH-Amundi자산운용,20190423,수익증권형
368680,KODEX K-뉴딜디지털플러스,삼성자산운용(ETF),20201110,수익증권형
0035T0,PLUS 글로벌휴머노이드로봇액티브,한화자산운용,20250415,수익증권형
0015K0,TIGER 미국소비트렌드액티브,미래에셋자산운용,20250218,수익증권형
0023B0,PLUS 미국양자컴퓨팅TOP10,한화자산운용,20250311,수익증권형
229720,KODEX KTOP30,삼성자산운용(ETF),20151014,수익증권형
360150,KODEX 코스닥150롱코스피200숏선물,삼성자산운용(ETF),20200821,수익증권형
442560,RISE TDF2040액티브,KB자산운용,20220922,수익증권형
225030,TIGER 미국S&P500선물인버스(H),미래에셋자산운용,20150729,수익증권형
267440,RISE 미국장기국채선물(H),KB자산운용,20170420,수익증권형
0013P0,RISE 미국은행TOP10,KB자산운용,20250218,수익증권형
225050,TIGER 유로스탁스레버리지(합성 H),미래에셋자산운용,20150729,수익증권형
375760,HANARO 탄소효율그린뉴딜,NH-Amundi자산운용,20210205,수익증권형
375270,RISE 글로벌데이터센터리츠(합성),KB자산운용,20210114,수익증권형
385710,TIMEFOLIO K이노베이션액티브,타임폴리오자산운용,20210525,수익증권형
419420,KODEX 미국클린에너지나스닥,삼성자산운용(ETF),20220322,수익증권형
337120,KODEX 멀티팩터,삼성자산운용(ETF),20191114,수익증권형
462340,에셋플러스 글로벌다이나믹시니어액티브,에셋플러스자산운용,20230725,수익증권형
475070,KoAct 글로벌친환경전력인프라액티브,삼성액티브자산(ETF),20240118,수익증권형
281990,RISE 중소형고배당,KB자산운용,20171102,수익증권형
449580,RISE 테슬라애플아마존채권혼합,KB자산운용,20221220,수익증권형
446690,KODEX 아시아AI반도체exChina액티브,삼성자산운용(ETF),20230201,수익증권형
460280,KIWOOM Fn유전자혁신기술,키움투자자산운용,20230627,수익증권형
307510,TIGER 의료기기,미래에셋자산운용,20181108,수익증권형
464600,SOL 자동차소부장Fn,신한자산운용,20230822,수익증권형
481200,SOL 미국테크TOP10인버스(합성),신한자산운용,20240521,수익증권형
289260,TIGER MSCI KOREA ESG리더스,미래에셋자산운용,20180207,수익증권형
253150,PLUS 200선물레버리지,한화자산운용,20160929,수익증권형
416090,ACE 중국과창판STAR50,한국투자신탁운용,20220113,수익증권형
464060,HANARO 글로벌반도체TOP10 SOLACTIVE,NH-Amundi자산운용,20230801,수익증권형
289040,KODEX MSCI KOREA ESG유니버설,삼성자산운용(ETF),20180207,수익증권형
270800,RISE KQ고배당,KB자산운용,20170707,수익증권형
289670,PLUS 국채선물10년,한화자산운용,20180207,수익증권형
495060,TIMEFOLIO 코리아밸류업액티브,타임폴리오자산운용,20241104,수익증권형
174350,TIGER 로우볼,미래에셋자산운용,20130620,수익증권형
448100,WON 200,우리자산운용,20221216,수익증권형
413930,WON AI ESG액티브,우리자산운용,20220105,수익증권형
253280,RISE 헬스케어,KB자산운용,20160923,수익증권형
298340,PLUS 국채선물3년,한화자산운용,20180608,수익증권형
400580,SOL 유럽탄소배출권선물S&P(H),신한자산운용,20210930,수익증권형
108590,TREX 200,유리자산운용,20090123,수익증권형
217770,TIGER 원유선물인버스(H),미래에셋자산운용,20150429,수익증권형
435550,KIWOOM TDF2050액티브,키움투자자산운용,20220630,수익증권형
435540,KIWOOM TDF2040액티브,키움투자자산운용,20220630,수익증권형
488290,마이다스 일본테크액티브,마이다스자산운용,20240806,수익증권형
252650,KODEX 200동일가중,삼성자산운용(ETF),20160920,수익증권형
234310,RISE V&S셀렉트밸류,KB자산운용,20160202,수익증권형
251590,PLUS 고배당저변동50,한화자산운용,20160811,수익증권형
261140,TIGER 우선주,미래에셋자산운용,20170106,수익증권형
153270,KIWOOM 코스피100,키움투자자산운용,20120228,수익증권형
227830,PLUS 코스피,한화자산운용,20150923,수익증권형
483020,KIWOOM 의료AI,키움투자자산운용,20240528,수익증권형
457990,PLUS 태양광&ESS,한화자산운용,20230620,수익증권형
292730,FOCUS KRX300,브이아이자산운용,20180326,수익증권형
449680,TIGER 한중전기차(합성),미래에셋자산운용,20221222,수익증권형
307520,TIGER 지주회사,미래에셋자산운용,20181108,수익증권형
489860,KIWOOM 글로벌전력GRID인프라,키움투자자산운용,20240827,수익증권형
435530,KIWOOM TDF2030액티브,키움투자자산운용,20220630,수익증권형
316300,ACE 싱가포르리츠,한국투신운용(ETF),20190129,수익증권형
488210,KIWOOM K-반도체북미공급망,키움투자자산운용,20240723,수익증권형
429010,TIGER 미국나스닥넥스트100,미래에셋자산운용,20220517,수익증권형
176950,KODEX 국채선물10년인버스,삼성자산운용(ETF),20130531,수익증권형
244620,KODEX 모멘텀Plus,삼성자산운용(ETF),20160513,수익증권형
304760,HANARO KRX300,NH-Amundi자산운용,20180814,수익증권형
284980,RISE 200금융,KB자산운용,20171208,수익증권형
459370,SOL 유럽탄소배출권선물인버스ICE(H),신한자산운용,20230620,수익증권형
411540,SOL 200 Top10,신한자산운용,20211209,수익증권형
289250,TIGER MSCI KOREA ESG유니버설,미래에셋자산운용,20180207,수익증권형
166400,TIGER 200커버드콜OTM,미래에셋자산운용,20121025,수익증권형
401590,HANARO 글로벌탄소배출권선물ICE(합성),NH-Amundi자산운용,20210930,수익증권형
279540,KODEX 최소변동성,삼성자산운용(ETF),20171017,수익증권형
488480,RISE 일본섹터TOP4Plus,KB자산운용,20240820,수익증권형
442550,RISE TDF2030액티브,KB자산운용,20220922,수익증권형
253160,PLUS 200선물인버스2X,한화자산운용,20160922,수익증권형
140580,RISE 우량업종대표주,KB자산운용,20110415,수익증권형
488200,KIWOOM K-2차전지북미공급망,키움투자자산운용,20240723,수익증권형
280920,PLUS 주도업종,한화자산운용,20171017,수익증권형
490330,KoAct 미국뇌질환치료제액티브,삼성액티브자산(ETF),20240903,수익증권형
441330,KIWOOM 차이나A50커넥트MSCI,키움투자자산운용,20220920,수익증권형
399580,RISE 글로벌클린에너지,KB자산운용,20211021,수익증권형
456200,PLUS 미국달러SOFR금리액티브(합성),한화자산운용,20230509,수익증권형
295000,RISE 국채선물10년,KB자산운용,20180511,수익증권형
227560,TIGER 200 생활소비재,미래에셋자산운용,20150923,수익증권형
304670,KODEX 미국30년국채울트라선물인버스(H),삼성자산운용(ETF),20180912,수익증권형
469530,RISE 미국달러선물인버스,KB자산운용,20231109,수익증권형
474800,KIWOOM 미국원유에너지기업,키움투자자산운용,20240116,수익증권형
227570,TIGER 우량가치,미래에셋자산운용,20150923,수익증권형
467540,KIWOOM 코스닥글로벌,키움투자자산운용,20231024,수익증권형
404650,SOL KRX기후변화솔루션,신한자산운용,20211029,수익증권형
253230,KIWOOM 200선물인버스2X,키움투자자산운용,20160922,수익증권형
346000,HANARO KAP초장기국고채,NH-Amundi자산운용,20200116,수익증권형
219900,ACE 중국본토CSI300레버리지(합성),한국투신운용(ETF),20150528,수익증권형
292050,RISE KRX300,KB자산운용,20180326,수익증권형
373530,PLUS 신흥국MSCI인버스(합성 H),한화자산운용,20201216,수익증권형
228820,TIGER KTOP30,미래에셋자산운용,20151014,수익증권형
215620,HK S&P코리아로우볼,흥국자산운용,20150325,수익증권형
461580,TIGER 코스닥글로벌,미래에셋자산운용,20230629,수익증권형
189400,PLUS 글로벌MSCI(합성 H),한화자산운용,20131210,수익증권형
267450,RISE 미국장기국채선물인버스(H),KB자산운용,20170420,수익증권형
498860,RISE 코리아금융고배당,KB자산운용,20241210,수익증권형
138920,KODEX 콩선물(H),삼성자산운용(ETF),20110315,수익증권형
157500,TIGER 증권,미래에셋자산운용,20120516,수익증권형
373490,KODEX K-이노베이션액티브,삼성자산운용(ETF),20201224,수익증권형
261920,ACE 필리핀MSCI(합성),한국투신운용(ETF),20161228,수익증권형
367740,HANARO Fn5G산업,NH-Amundi자산운용,20201029,수익증권형
226380,ACE Fn성장소비주도주,한국투신운용(ETF),20150819,수익증권형
404540,TIGER KRX기후변화솔루션,미래에셋자산운용,20211029,수익증권형
147970,TIGER 모멘텀,미래에셋자산운용,20111026,수익증권형
105010,TIGER 라틴35,미래에셋자산운용,20080827,수익증권형
0004G0,1Q 미국배당30,하나자산운용,20250121,수익증권형
442580,PLUS 글로벌HBM반도체,한화자산운용,20220922,수익증권형
397420,RISE 국채선물5년추종,KB자산운용,20210831,수익증권형
437370,RISE 글로벌농업경제,KB자산운용,20220729,수익증권형
315270,TIGER 200커뮤니케이션서비스,미래에셋자산운용,20190115,수익증권형
450180,KODEX 한중전기차(합성),삼성자산운용(ETF),20221222,수익증권형
395750,PLUS ESG가치주액티브,한화자산운용,20210730,수익증권형
380340,ACE Fn5G플러스,한국투신운용(ETF),20210402,수익증권형
429980,SOL 한국형글로벌전기차&2차전지액티브,신한자산운용,20220614,수익증권형
402460,HANARO Fn K-메타버스MZ,NH-Amundi자산운용,20211013,수익증권형
432600,RISE 국채선물3년,KB자산운용,20220614,수익증권형
489010,PLUS 글로벌AI인프라,한화자산운용,20240813,수익증권형
277640,TIGER 코스피대형주,미래에셋자산운용,20170831,수익증권형
314700,HANARO 농업융복합산업,NH-Amundi자산운용,20181221,수익증권형
485810,TIMEFOLIO 글로벌안티에이징바이오액티브,타임폴리오자산운용,20240702,수익증권형
321410,KODEX 멀티에셋하이인컴(H),삼성자산운용(ETF),20190605,수익증권형
476310,RISE 글로벌비만산업TOP2+,KB자산운용,20240227,수익증권형
301400,PLUS 코스닥150,한화자산운용,20180705,수익증권형
391670,HK 베스트일레븐액티브,흥국자산운용,20210706,수익증권형
450120,KIWOOM SK그룹대표주,키움투자자산운용,20221223,수익증권형
252410,RISE 200선물인버스,KB자산운용,20160912,수익증권형
140570,RISE 수출주,KB자산운용,20110415,수익증권형
291890,KODEX MSCI EM선물(H),삼성자산운용(ETF),20180323,수익증권형
334690,RISE 팔라듐선물(H),KB자산운용,20190924,수익증권형
205720,ACE 일본TOPIX인버스(합성 H),한국투신운용(ETF),20140929,수익증권형
291680,RISE 차이나H선물인버스(H),KB자산운용,20180323,수익증권형
381570,HANARO Fn친환경에너지,NH-Amundi자산운용,20210402,수익증권형
139290,TIGER 200 경기소비재,미래에셋자산운용,20110406,수익증권형
407170,KCGI 스마트커머스액티브,KCGI자산운용,20211116,수익증권형
486780,HANARO 200선물레버리지1.5X,NH-Amundi자산운용,20240709,수익증권형
373790,KIWOOM 미국방어배당성장나스닥,키움투자자산운용,20201224,수익증권형
244660,KODEX 퀄리티Plus,삼성자산운용(ETF),20160513,수익증권형
244670,KODEX 밸류Plus,삼성자산운용(ETF),20160513,수익증권형
256450,PLUS 심천차이넥스트(합성),한화자산운용,20161108,수익증권형
466810,BNK 2차전지양극재,BNK자산운용,20231019,수익증권형
266390,KODEX 경기소비재,삼성자산운용(ETF),20170328,수익증권형
454180,KIWOOM 차이나내수소비TOP CSI,키움투자자산운용,20230404,수익증권형
407160,KCGI 테크미디어텔레콤액티브,KCGI자산운용,20211116,수익증권형
476260,HANARO 반도체핵심공정주도주,NH-Amundi자산운용,20240227,수익증권형
433250,UNICORN R&D 액티브,현대자산운용,20220706,수익증권형
486790,HANARO 코스닥150선물레버리지1.5X,NH-Amundi자산운용,20240709,수익증권형
471290,HANARO CD금리액티브(합성),NH-Amundi자산운용,20231114,수익증권형
487130,KoAct AI인프라액티브,삼성액티브자산(ETF),20240709,수익증권형
487750,BNK 온디바이스AI,BNK자산운용,20240723,수익증권형
427120,RISE 플랫폼테마,KB자산운용,20220517,수익증권형
419170,HANARO 미국메타버스iSelect,NH-Amundi자산운용,20220222,수익증권형
306520,HANARO 200선물인버스,NH-Amundi자산운용,20180918,수익증권형
476000,UNICORN 포스트IPO액티브,현대자산운용,20240227,수익증권형
429870,KIWOOM 리츠이지스액티브,키움투자자산운용,20220524,수익증권형
277650,TIGER 코스피중형주,미래에셋자산운용,20170831,수익증권형
413220,SOL 차이나태양광CSI(합성),신한자산운용,20211222,수익증권형
291620,KIWOOM 코스닥150선물인버스,키움투자자산운용,20180316,수익증권형
220130,SOL 차이나강소기업CSI500(합성 H),신한자산운용,20150608,수익증권형
253240,KIWOOM 200선물인버스,키움투자자산운용,20160912,수익증권형
243890,TIGER 200에너지화학레버리지,미래에셋자산운용,20160513,수익증권형
280940,KODEX 골드선물인버스(H),삼성자산운용(ETF),20171109,수익증권형
238670,PLUS 스마트베타Quality채권혼합,한화자산운용,20160224,수익증권형
139310,TIGER 금속선물(H),미래에셋자산운용,20110408,수익증권형
266550,PLUS 중형주저변동50,한화자산운용,20170328,수익증권형
139240,TIGER 200 철강소재,미래에셋자산운용,20110406,수익증권형
437550,KIWOOM 글로벌리츠이지스액티브,키움투자자산운용,20220729,수익증권형
469790,KIWOOM K-테크TOP10,키움투자자산운용,20231031,수익증권형
334700,RISE 팔라듐선물인버스(H),KB자산운용,20190924,수익증권형
465620,ACE 미국빅테크TOP7 Plus인버스(합성),한국투신운용(ETF),20230912,수익증권형
482030,KoAct 테크핵심소재공급망액티브,삼성액티브자산(ETF),20240514,수익증권형
145670,ACE 인버스,한국투신운용(ETF),20110908,수익증권형
426330,KIWOOM 미국ETF산업STOXX,키움투자자산운용,20220426,수익증권형
291630,KIWOOM 코스닥150선물레버리지,키움투자자산운용,20180316,수익증권형
415920,PLUS 글로벌희토류&전략자원생산기업,한화자산운용,20220118,수익증권형
433860,PLUS TDF2040액티브,한화자산운용,20220630,수익증권형
098560,TIGER 방송통신,미래에셋자산운용,20070907,수익증권형
433870,PLUS TDF2050액티브,한화자산운용,20220630,수익증권형
473500,KIWOOM 글로벌전력반도체,키움투자자산운용,20231221,수익증권형
433850,PLUS TDF2030액티브,한화자산운용,20220630,수익증권형
407300,HANARO Fn골프테마,NH-Amundi자산운용,20211124,수익증권형
261060,TIGER 코스닥150IT,미래에셋자산운용,20161215,수익증권형
275750,RISE 코스닥150선물인버스,KB자산운용,20170801,수익증권형
306530,HANARO 코스닥150선물레버리지,NH-Amundi자산운용,20180918,수익증권형
301410,PLUS 코스닥150선물인버스,한화자산운용,20180711,수익증권형
227550,TIGER 200 산업재,미래에셋자산운용,20150923,수익증권형
470310,UNICORN 생성형AI강소기업액티브,현대자산운용,20231121,수익증권형
252000,TIGER 200동일가중,미래에셋자산운용,20160920,수익증권형
472490,HANARO 미국애그테크,NH-Amundi자산운용,20231128,수익증권형
412560,TIGER BBIG레버리지,미래에셋자산운용,20211215,수익증권형
432850,HANARO 글로벌백신치료제MSCI,NH-Amundi자산운용,20220608,수익증권형
397410,RISE 국채선물5년추종인버스,KB자산운용,20210831,수익증권형
